requests,Harmless,Malicious,classification,ip
4,61,3,malicious,176.53.20.44
2,0,0,malicious,35.80.18.36
2,62,1,malicious,170.83.105.51
2,0,0,malicious,197.82.219.99
2,0,0,malicious,45.176.221.226
2,0,0,malicious,117.253.102.86
6,64,0,malicious,5.254.18.240
2,61,3,malicious,92.118.230.124
250,0,0,malicious,91.209.143.63
2,0,0,malicious,45.132.48.135
3,63,3,malicious,165.227.62.247
12,61,3,malicious,199.19.74.88
6,54,10,malicious,78.142.229.167
2,0,0,malicious,185.214.205.178
2,0,0,malicious,115.57.98.152
2,0,0,malicious,117.220.206.74
2,0,0,malicious,153.0.89.34
2,0,0,malicious,37.191.69.199
4,63,1,malicious,209.97.137.148
4,65,1,malicious,195.181.176.130
2,0,0,malicious,79.132.202.41
2886,57,9,malicious,210.108.70.119
2,0,0,malicious,151.234.191.193
2,0,0,malicious,151.241.85.3
6,0,0,malicious,84.0.180.140
2,0,0,malicious,157.90.139.156
2,63,2,malicious,137.184.166.35
4,0,0,malicious,52.53.194.68
29,62,5,malicious,66.240.219.133
192,0,0,malicious,176.206.165.57
14,0,0,malicious,54.160.68.182
46,0,0,malicious,186.219.252.184
4,62,3,malicious,103.28.35.33
4,0,0,malicious,79.36.25.186
2,0,0,malicious,134.236.155.179
10,60,5,malicious,103.116.53.106
2,62,1,malicious,111.92.22.116
2,0,0,malicious,31.58.226.103
2,64,0,malicious,117.90.168.167
2,0,0,malicious,5.235.188.25
38,0,0,malicious,82.132.217.76
116,63,2,malicious,113.198.137.150
2,0,0,malicious,5.235.215.190
4,64,1,malicious,87.249.134.38
262,0,0,malicious,79.40.119.69
4,64,0,malicious,146.190.88.221
2,0,0,malicious,117.204.87.171
2,0,0,malicious,41.235.134.172
2,0,0,malicious,213.24.126.128
2,0,0,malicious,5.236.209.243
2,0,0,malicious,1.81.207.87
4,63,1,malicious,159.89.236.56
4,0,0,malicious,2.189.34.126
4,48,0,malicious,167.99.87.120
2,0,0,malicious,105.226.13.22
2,60,4,malicious,157.230.128.101
8,64,1,malicious,77.105.185.175
2,0,0,malicious,59.91.175.198
364,0,0,malicious,31.188.150.250
2,0,0,malicious,117.215.235.219
2,0,0,malicious,5.190.80.120
2,0,0,malicious,165.255.76.81
4,0,0,malicious,82.84.3.221
2,0,0,malicious,223.150.227.107
4,56,9,malicious,185.225.74.229
4,0,0,malicious,79.20.171.126
2,1,0,malicious,180.241.47.4
36,65,0,malicious,66.244.74.69
2,0,0,malicious,109.184.126.242
2,63,2,malicious,5.202.68.172
2,0,0,malicious,59.91.174.90
2,62,1,malicious,89.44.130.106
10,0,0,malicious,70.15.212.181
2,0,0,malicious,14.102.188.55
2,61,4,malicious,193.35.18.119
2,0,0,malicious,77.246.253.118
680,47,0,malicious,149.28.138.67
2,57,10,malicious,117.222.163.116
2,59,4,malicious,103.241.65.32
18,53,12,malicious,31.41.244.111
6,0,0,malicious,54.219.76.138
2,50,19,malicious,193.35.18.53
2,0,0,malicious,39.59.117.122
2,0,0,malicious,151.247.209.116
2,0,0,malicious,151.236.244.83
2,0,0,malicious,151.232.162.176
2,0,0,malicious,93.117.3.39
2,60,4,malicious,27.40.117.186
8,0,0,malicious,79.26.5.32
2,0,0,malicious,163.53.82.150
4,62,2,malicious,46.101.226.203
2,0,0,malicious,61.0.217.84
2,64,1,malicious,207.244.247.200
4,62,1,malicious,159.89.32.236
2,62,3,malicious,104.248.64.91
12,60,5,malicious,31.184.240.91
8,0,0,malicious,46.33.229.33
2,0,0,malicious,95.38.183.201
4,0,0,malicious,188.161.10.226
4,0,0,malicious,78.147.29.251
6,0,0,malicious,5.235.196.255
2,0,0,malicious,2.176.215.240
2,64,1,malicious,45.128.199.252
2,0,0,malicious,117.253.58.189
6,63,2,malicious,31.184.240.70
3516,0,0,malicious,176.206.71.181
138,47,0,malicious,87.6.119.92
2,0,0,malicious,117.235.248.3
4,0,0,malicious,139.190.150.127
2,61,4,malicious,146.185.132.10
2,0,0,malicious,59.178.178.134
2,0,0,malicious,3.92.127.248
2,0,0,malicious,156.210.136.236
2,62,3,malicious,95.85.47.13
6,61,4,malicious,58.187.9.230
2,0,0,malicious,49.115.72.145
2,0,0,malicious,81.163.34.204
2,61,3,malicious,143.110.176.81
2,0,0,malicious,151.239.232.95
8,0,0,malicious,2.86.4.180
32,0,0,malicious,93.44.203.44
2,0,0,malicious,151.247.184.28
4,65,1,malicious,209.38.252.58
2,0,0,malicious,92.6.134.199
4,61,5,malicious,45.128.232.103
6,62,4,malicious,43.231.234.154
2,0,0,malicious,85.204.220.237
4,0,0,malicious,213.5.109.110
4,0,0,malicious,167.172.49.169
2,58,0,malicious,202.51.88.176
2,0,0,malicious,117.215.234.17
2,0,0,malicious,3.80.179.152
2,0,0,malicious,188.166.83.222
2,57,11,malicious,139.59.77.147
2,0,0,malicious,117.202.213.127
206,0,0,malicious,79.24.63.83
6,0,0,malicious,195.133.61.214
2,0,0,malicious,151.241.93.57
2,0,0,malicious,151.247.19.32
30,0,0,malicious,199.247.26.190
2,0,0,malicious,77.79.170.76
2,0,0,malicious,117.252.171.181
2,56,10,malicious,83.243.166.195
2,63,2,malicious,182.126.83.245
6,63,1,malicious,91.217.77.164
2,63,0,malicious,93.117.5.228
2,0,0,malicious,80.47.222.62
2,0,0,malicious,187.192.45.140
2,62,1,malicious,27.47.0.214
2,63,1,malicious,61.52.61.160
30,64,1,malicious,85.18.87.101
2,55,10,malicious,117.196.50.183
4,0,0,malicious,88.109.178.13
2,0,0,malicious,88.107.184.195
2,0,0,malicious,31.188.235.203
2,63,2,malicious,209.38.226.24
8,59,5,malicious,179.43.183.210
2,0,0,malicious,151.245.8.94
20,65,0,malicious,85.18.30.133
2,0,0,malicious,181.236.179.221
2,0,0,malicious,59.89.161.118
256,0,0,malicious,94.64.216.230
2,0,0,malicious,186.33.113.213
2,0,0,malicious,36.73.34.194
2,60,7,malicious,123.12.228.4
2,0,0,malicious,59.178.60.234
2,64,3,malicious,181.113.120.70
12,0,0,malicious,156.155.163.100
2,0,0,malicious,151.241.64.138
2,61,2,malicious,41.139.249.227
2,0,0,malicious,31.58.243.46
10,61,6,malicious,142.93.218.102
2,0,0,malicious,125.160.224.30
12,0,0,malicious,178.34.119.29
2,0,0,malicious,61.0.99.9
6,0,0,malicious,117.245.169.118
2,0,0,malicious,200.109.27.128
26,64,1,malicious,85.18.0.136
2,0,0,malicious,87.6.136.156
4,0,0,malicious,2.182.151.110
2,57,10,malicious,61.53.204.205
2,0,0,malicious,87.107.66.1
6,0,0,malicious,47.99.53.8
4,62,2,malicious,5.254.18.236
2,65,0,malicious,63.88.73.10
2,63,3,malicious,138.255.222.110
860,0,0,malicious,151.38.100.132
90,58,9,malicious,39.103.194.15
6,57,9,malicious,193.35.18.244
2,58,6,malicious,59.45.143.3
2,0,0,malicious,59.182.44.159
28,0,0,malicious,87.0.251.36
2,0,0,malicious,95.38.166.68
6,62,3,malicious,63.250.56.94
24,0,0,malicious,95.245.166.28
8,0,0,malicious,84.2.173.241
2,0,0,malicious,117.201.90.69
2,0,0,malicious,117.214.253.201
2,0,0,malicious,218.164.182.182
2,0,0,malicious,2.187.22.210
14,0,0,malicious,82.55.116.87
30,65,0,malicious,209.131.254.132
2,0,0,malicious,117.196.125.163
16,62,3,malicious,45.248.8.155
536,0,0,malicious,95.250.174.17
2,0,0,malicious,186.193.243.141
8,0,0,malicious,176.241.18.33
826,0,0,malicious,5.91.98.130
1,62,3,malicious,128.199.128.54
2,65,0,malicious,117.205.244.97
4,0,0,malicious,37.76.195.57
2,0,0,malicious,101.80.202.148
2,0,0,malicious,197.59.191.29
4,63,2,malicious,128.199.28.253
2,0,0,malicious,151.246.150.172
2,58,7,malicious,117.196.21.53
2,60,4,malicious,112.239.70.70
2,0,0,malicious,94.125.53.237
3212,0,0,malicious,79.9.120.141
2,0,0,malicious,117.235.133.248
2,0,0,malicious,36.237.20.249
70,58,9,malicious,150.158.20.185
2,61,4,malicious,59.93.23.123
2,0,0,malicious,203.189.238.140
2,0,0,malicious,89.43.98.86
2,0,0,malicious,80.91.23.81
2,0,0,malicious,117.211.252.41
2,63,1,malicious,103.79.35.17
2,64,1,malicious,175.150.147.68
2,64,0,malicious,134.122.106.57
2,0,0,malicious,151.246.14.48
2,0,0,malicious,39.63.2.245
2,0,0,malicious,59.89.165.48
2,0,0,malicious,117.235.112.87
2,0,0,malicious,85.236.187.20
4,0,0,malicious,59.182.9.221
2,62,0,malicious,220.173.209.130
6,59,6,malicious,45.155.204.56
2,0,0,malicious,151.238.176.207
2,0,0,malicious,31.58.240.112
20,0,0,malicious,37.16.75.169
6,0,0,malicious,177.132.54.217
2,0,0,malicious,44.201.240.110
2,0,0,malicious,61.0.88.229
12,0,0,malicious,5.43.213.54
2,0,0,malicious,151.246.176.132
2,0,0,malicious,79.55.108.124
28,61,3,malicious,103.178.228.27
2,0,0,malicious,59.182.27.255
1626,62,1,malicious,142.147.89.232
2,0,0,malicious,94.182.0.113
2,0,0,malicious,117.220.72.110
2,0,0,malicious,117.211.243.41
2,0,0,malicious,2.181.45.54
2,0,0,malicious,151.235.147.48
4,0,0,malicious,190.137.37.194
2,0,0,malicious,2.179.135.205
34,59,7,malicious,193.35.18.107
4,63,1,malicious,165.227.136.109
1,63,2,malicious,167.71.38.167
2,0,0,malicious,170.231.196.2
2,0,0,malicious,151.241.85.219
2,0,0,malicious,85.75.163.34
6,61,1,malicious,195.133.61.211
6,62,2,malicious,79.32.26.33
2,0,0,malicious,31.58.226.97
4,0,0,malicious,13.52.163.80
98,0,0,malicious,94.67.48.66
2,0,0,malicious,117.243.246.202
2,64,1,malicious,2.184.132.69
56,0,0,malicious,1.234.41.218
4,0,0,malicious,161.35.173.172
2,57,9,malicious,175.164.148.98
2,0,0,malicious,85.204.209.62
2,0,0,malicious,2.179.151.255
2,0,0,malicious,39.33.22.109
2,63,5,malicious,117.243.241.13
2,0,0,malicious,117.253.254.111
6,63,3,malicious,95.182.120.215
2,0,0,malicious,117.222.40.193
14,0,0,malicious,220.246.124.106
6,52,15,malicious,194.87.151.56
4,62,4,malicious,104.248.152.18
2,0,0,malicious,37.191.85.55
2,63,1,malicious,130.43.79.112
2,0,0,malicious,41.200.119.198
2,0,0,malicious,179.191.48.136
2,60,4,malicious,147.182.206.40
54,59,5,malicious,35.216.211.228
4,64,1,malicious,167.71.136.32
6,58,5,malicious,134.209.102.47
2,60,6,malicious,107.170.249.63
90,60,5,malicious,20.114.203.66
16,60,4,malicious,45.61.185.123
4,60,5,malicious,68.183.190.223
2,0,0,malicious,2.189.152.136
4,0,0,malicious,117.89.132.156
2,62,1,malicious,14.102.19.171
4,65,1,malicious,139.59.20.196
10,0,0,malicious,54.221.83.207
4,53,14,malicious,194.55.224.149
4,61,2,malicious,45.55.40.149
2,0,0,malicious,2.183.88.62
2,63,1,malicious,167.99.56.95
2,0,0,malicious,31.56.1.130
2,66,0,malicious,40.94.96.20
2,0,0,malicious,89.47.200.27
2,0,0,malicious,193.163.116.230
2,62,3,malicious,114.234.198.205
2,0,0,malicious,41.36.111.37
2,53,13,malicious,195.178.120.37
2,0,0,malicious,151.238.125.174
6,0,0,malicious,2.35.0.253
4,0,0,malicious,85.239.33.10
4,0,0,malicious,49.72.7.247
4,0,0,malicious,117.214.180.211
2,0,0,malicious,151.235.17.57
4,63,1,malicious,159.65.115.110
2,0,0,malicious,117.199.45.22
2,65,1,malicious,139.59.69.30
2,0,0,malicious,59.95.214.8
4,63,3,malicious,143.198.201.142
2,62,2,malicious,83.55.197.247
10,0,0,malicious,100.24.14.241
4,0,0,malicious,2.184.139.102
10,62,3,malicious,118.193.32.180
10,0,0,malicious,3.80.58.101
32,0,0,malicious,151.81.132.139
14,63,2,malicious,14.23.91.82
6,61,3,malicious,35.216.225.215
